,date,1,2,3,4,5
0,19770131.0,-0.05237931178362306,0.14498703188022036,0.03583731673537962,0.007422371973953202,-0.016626918012271556
1,19770228.0,0.04326296153403416,0.06024291814499985,0.031144594189487257,-0.004701179739164567,-0.00012103526766077733
2,19770331.0,0.05893004318113218,0.01963142327323754,0.0569287487434986,0.048451544118782726,-0.011717658554600338
3,19770430.0,-0.038958173655578535,0.0841415404515424,0.06883430988274238,0.029560299154565373,-0.0050310867232312186
4,19770531.0,0.39523499939251067,-0.07699684252441419,0.0312796855438829,0.0841069765051065,0.003574886407815542
5,19770630.0,0.0023893947797345837,0.1292662135841235,0.04047055230728788,0.011536529823604166,0.0012681144412603393
6,19770731.0,-0.12276331121409637,0.04131673364196406,0.08039670527966408,0.010118545707101828,-0.03308991661832864
7,19770831.0,0.030291891195997206,0.027867524456633208,0.053424913164736076,0.0352592233463294,-0.020323237488097144
8,19770930.0,-0.21851661351249319,0.08684755820079945,0.060102958332058073,0.0040935002431436735,-0.0006573028357825008
9,19771031.0,0.49894303389269723,-0.04478428273496703,0.02582836499623123,0.10141724779428236,0.03283184991500805
10,19771130.0,0.1022279493294203,0.012465725602420407,0.033404297624333563,0.04607773050397162,-0.026690821159303414
11,19771231.0,-0.18193969158154258,0.20151235894602745,0.07932318913085516,-0.1092330119386064,-0.0210071164034532
12,19780131.0,0.16353722832769327,0.09252315063363804,0.04769991703849437,0.02142959582895541,-0.006011366603934965
13,19780228.0,0.549981657894954,0.016590703738056694,0.0022410342428952883,0.04990541856667603,0.012157992301978693
14,19780331.0,0.5585380697918251,-0.009884952956557756,0.025329698392104014,0.08203412959340198,0.036787563135062346
15,19780430.0,0.4874779842225123,0.076005109038287,0.05466807401532443,4.400194007347174e-05,-0.03464754448520088
16,19780531.0,-0.03227257987508223,0.10068875203832131,0.036256425798766645,-0.02085544924481913,-0.012361230364367095
17,19780630.0,0.37797801604430775,-0.07863892901772335,0.014581200456096425,0.0738781747724217,0.008574171533751517
18,19780731.0,0.6660509454863622,0.126207406786281,0.016666493488111167,-0.015087344691521846,-0.03260013684799309
19,19780831.0,-0.050728162351080984,0.16929524445555952,0.008278805407839315,-0.09514384228763013,0.027938257153036064
20,19780930.0,-1.4638917673957563,0.13264900950266625,0.08980171192804028,-0.03610774261978534,0.04494595654757406
21,19781031.0,0.3075923595964028,-0.16126922988147926,0.09610301376755875,0.10117360193881798,0.03624238268403812
22,19781130.0,0.01690949544637329,-0.046041025516469554,0.07358036204245855,0.08785690207642244,-0.01629943328495841
23,19781231.0,0.8050838448212637,0.08274967397271404,-0.04484250087622817,0.028881933908297727,0.07451625608888768
24,19790131.0,-0.27946530833113575,0.08507760837485115,0.038822939767836684,-0.044993608471471505,-0.009097202647638405
25,19790228.0,0.6927410265030279,-0.1316456497667928,-0.0077741613994390495,0.05259377661325257,0.0035602170221258815
26,19790331.0,0.12144552943466626,0.04923646997098951,0.034729769583862674,0.015743194126477362,-0.01831805603876283
27,19790430.0,-0.16039093537260185,0.0674261806375843,0.038348548493594974,-0.009661243534409582,-0.014334994902617375
28,19790531.0,0.31706839044034313,-0.034863026755062546,-0.03859978039514144,0.018230976425422728,-0.0022322155173874502
29,19790630.0,0.10878900078782289,0.013361725132552491,0.023881646582481823,0.07882991932804695,0.021680385683707084
30,19790731.0,0.5818015416949303,-0.01110800188379277,-0.0008073635237537853,0.07525799902584855,0.02005022362254564
31,19790831.0,-0.07459739649629264,0.026512696153440183,0.010577031516357888,0.017308607680144857,-0.040371349039952945
32,19790930.0,-0.8619635123055482,0.009039597816706517,0.13390165552195812,-0.01495353568722987,-0.05133586747611201
33,19791031.0,0.46838949736765456,-0.15922772044344768,0.07655938334062029,0.14651408739441552,-0.03607812342038209
34,19791130.0,0.42683557779119413,0.00010978213994819637,0.07975397204767878,0.03583577597643475,-0.08916156932021765
35,19791231.0,0.9155554602740181,0.09781223084113425,0.012661926198469606,0.006793043467091888,-0.10316101258319488
36,19800131.0,-0.17325221107811634,0.02701489963888488,0.14091216441040977,-0.027730718305786405,-0.10047914661877609
37,19800229.0,-1.5884386190850568,0.05617870850668929,0.21281066382139951,-0.019157511753548382,0.006608022302632462
38,19800331.0,0.2745271218303037,-0.03821905010938255,0.05489160011813475,0.11314937670866854,0.07516164873187006
39,19800430.0,0.48298707447854416,0.012223639421680813,-0.0075645713300464545,0.08345965051479798,0.07804867001662687
40,19800531.0,0.2650826221720827,0.022718027474269067,0.015292255305759348,0.04155286944509724,0.014252974064446781
41,19800630.0,0.7408177540421006,-0.020873259916954025,0.022467941425012558,0.09404805981047494,0.04318589177733663
42,19800731.0,0.4972973362883278,0.08077646972092102,0.05755233679305828,0.016715704701125732,-0.06660208510143605
43,19800831.0,0.2458425459792175,0.08508348159433093,0.09821436927780376,-0.007549103145026223,-0.0642201524227158
44,19800930.0,0.18837049682991044,0.024251794021293488,0.12648723457024003,0.03023821540911396,-0.11790324558585573
45,19801031.0,0.4381757578005408,-0.17641800404126073,0.10091918624647876,0.07168974932014581,-0.11713026193250567
46,19801130.0,-0.3394873720075007,0.026938738867524847,0.11317256786434148,0.0878629670315759,0.018734657857782354
47,19801231.0,-0.11457001851059483,0.20773603867591497,0.007733412101730079,-0.07405487936685236,0.04966143005857013
48,19810131.0,-0.07868020714935142,0.048698270931175194,-0.01804851169104847,0.04547407803856036,0.06447878685520012
49,19810228.0,0.5786870515123148,0.07254564716561115,-0.04881278733731097,0.07203973986591862,0.07024446446491035
50,19810331.0,0.13347675723442073,0.15536614937390533,0.019858441000173206,0.04210666958589723,-0.029103537682403938
51,19810430.0,0.17895218811801988,0.0423094463960749,0.059785730653151126,0.06737879658259319,-0.05623461725944433
52,19810531.0,-0.20562614496204795,0.17672744625392886,0.01096040110582749,0.043674801170785094,0.06126950841340942
53,19810630.0,-0.3116402025265476,-0.01292832716866208,0.11491939641712344,0.023146664952546782,0.02324007813470445
54,19810731.0,-0.7165536365309662,0.020795884387913507,0.05338504604306142,0.0704275279551379,0.04131472072759288
55,19810831.0,-0.7906970500764771,0.014548871622051374,0.10151195476571745,0.10408855181810292,0.0799544241333982
56,19810930.0,0.45259141532537867,-0.06276680147607569,0.1702250167845434,0.12980598331779353,-0.029576031418656962
57,19811031.0,0.05355853113457531,-0.00035126062248425766,0.0007667345847008067,0.09064729974900422,0.048214555735964414
58,19811130.0,-0.25010706355222845,0.03488197959547008,0.10822964320435932,0.07389152911763973,0.009390781577858841
59,19811231.0,-0.2958274632991756,0.10474832097886434,0.10984773846867987,-0.0003279755781510392,-0.0028571025362459875
60,19820131.0,-0.46718757537080546,0.15219814769456716,0.009251674372259303,0.030230547704622215,0.036124622708306936
61,19820228.0,-0.22646912942398728,0.0971685982758437,0.07539866944439566,0.034416898668615095,0.011881120212328084
62,19820331.0,0.4348179951893093,0.04957922739392866,0.06067688840063762,0.03210814579736488,-0.012011010158446548
63,19820430.0,-0.36003402434710663,0.08979077895067285,0.05685445016071134,0.01516169093335328,0.005180502108397611
64,19820531.0,-0.4262752221778724,0.0772714215076828,0.04144900646155688,0.058468417858689115,0.021855545736010798
65,19820630.0,-0.3042415602855409,0.10370543587434754,0.04069132920518646,0.04065872885102938,0.00047049328781926635
66,19820731.0,0.5339980476287454,-0.16023088436987792,-0.0006416650886291175,0.06899693028894267,0.07656586257241413
67,19820831.0,0.4158154131092279,0.1634517369309496,-0.030302953229129483,0.07561742807189482,-0.013789047040331766
68,19820930.0,1.63272055479053,0.013339764785283727,0.014497029674986672,0.08235884728167056,-0.013880094103211203
69,19821031.0,1.1904079024355214,0.2306270327457453,-0.055019729660994166,0.06459342286125305,-0.06256270630721258
70,19821130.0,0.24362375892885657,0.11297372797416248,0.022761917606898954,0.004778424684036536,-0.012026179553650053
71,19821231.0,1.181651554748639,0.24042756544729463,0.003941575696811639,-0.19474430573454102,-0.09494893011154223
72,19830131.0,0.6407152515339906,0.2362763983933126,-0.046731102587997564,0.03345822886507708,0.00012398237047142122
73,19830228.0,0.5289405001317686,0.18808161697775072,-0.03526501243429597,-0.015668859949809603,0.014345577479011216
74,19830331.0,0.8349239979944574,0.17404461784307174,-0.02583834203203361,-0.0043511530523251615,0.01067637145696335
75,19830430.0,1.014784997573256,0.24240133113890794,-0.03390106240660992,-0.16080644396815194,-0.009567180121740303
76,19830531.0,0.4849331716879693,0.1371956699504384,0.021279019710731727,-0.02116651808760661,-0.02485320805585245
77,19830630.0,-0.3278414908773688,0.15696971250073471,0.028445088121339553,-0.020248783107714007,0.03179341361418142
78,19830731.0,-0.4496527640026637,0.011201861791808418,0.0531816077578121,0.061683812076421894,0.03932939882771171
79,19830831.0,-0.07592807150726817,0.04283158684389309,0.029081262642126387,0.11431445757407042,0.04741332429942273
80,19830930.0,-0.8377221296611872,0.0657684717863919,0.08734025809536114,0.1006623991024824,0.039780204700862236
81,19831031.0,0.35252551458590103,0.009894662319282484,0.05989281694603872,0.07841543256765267,0.06532361969711564
82,19831130.0,-0.3775176903569826,0.0327331939357427,0.052197373871908107,0.05793243705616608,0.04096750208752471
83,19831231.0,-0.14432684169366206,0.20934136728565508,0.015863610378218193,-0.07958375665315875,0.02264084772880467
84,19840131.0,-0.8183094204977852,0.010876413135588861,0.08883266124551618,0.005224546979983729,0.03180265929232484
85,19840229.0,-0.048938565976625895,0.06198004254331346,0.06028365705861709,0.0363221808591883,0.015222148598728755
86,19840331.0,-0.33683752583115373,-0.0012239130129868027,0.09584875190814926,0.09644816999096968,0.02385049826465784
87,19840430.0,-0.6972956574329826,0.09021460798222888,0.11322231738721009,0.06490452857015006,0.014908587300294233
88,19840531.0,0.1289206586694204,-0.0201670070881012,0.07119994605285719,0.08529509527985987,0.014520942407688647
89,19840630.0,-0.6536439595868193,0.015509800243010761,0.0905044481524437,0.11842955177266148,0.029011220232405443
90,19840731.0,1.1086119025952172,-0.04555943297935431,0.0832167850926741,0.1235889965086874,0.02563435777259819
91,19840831.0,-0.162201349130615,0.10359807434930147,0.01911590978351775,0.0335619843335759,0.028409391332017333
92,19840930.0,-0.3968513930603311,0.015631266071679698,0.09276203171989017,0.12868637387013881,0.029194871637047575
93,19841031.0,-0.5113650501013549,0.037430422335029946,0.10145356590529078,0.12213588289992144,0.03312475674247695
94,19841130.0,0.031140441843281907,-0.007185185171468539,0.0936085869468873,0.11147122025851086,0.01719417643738492
95,19841231.0,1.4261332993635993,0.002827913309843808,0.06523633083311245,0.018825913469841263,0.007905214786822736
96,19850131.0,0.3524316485485839,0.1950153841094971,0.07756223126918581,-0.04257243370233657,-0.030999972272431585
97,19850228.0,-0.2163858006811915,0.1477931715151063,0.05190039939221574,0.023555695944574743,-0.007099309247107866
98,19850331.0,-0.2072211187760685,0.08431535126875021,0.021690106960105628,0.06477010313926387,0.0067451234133239476
99,19850430.0,0.2159653067037922,-0.03304428879054058,0.021417489508350006,0.11820814040633677,0.012061543319627646
100,19850531.0,-0.029520941660787055,0.05122553595804765,0.024597890248168417,0.11080944276742756,0.0028283861589402303
101,19850630.0,0.13629082542528298,0.05583459721120742,0.07522479112668473,0.04366347283712739,0.008617071665991084
102,19850731.0,-0.14355980650967323,0.0722850294368375,0.06944310089222111,0.046711872571318286,-0.013743936546704081
103,19850831.0,-0.6666893772170114,0.10094598919810675,0.03906813093197678,0.06189229458457333,0.02534250463638677
104,19850930.0,0.16281102564042507,-0.004139111443864031,0.046815631938794976,0.13948954918882095,0.02295103753561065
105,19851031.0,0.482580343697661,-0.008710514384757494,0.05227358877828324,0.10635175152737217,0.028063483701174646
106,19851130.0,0.2623855732630929,-0.005904344580332464,0.04142056598801804,0.11206562818517533,-0.0021189471079360663
107,19851231.0,0.3544751001580109,0.13437523494239442,0.08627338258818482,0.021036814299165794,-0.04166695386971117
108,19860131.0,0.6597149269065666,0.07263488660590632,-0.04984762990738411,0.060368915172027,0.0030018575006568234
109,19860228.0,0.5700756046320168,0.09366365078769813,-0.023235131585587095,0.05021489948916206,0.006756228008842847
110,19860331.0,0.10806112858203976,0.11908286878917607,0.05605461449158737,0.039221613948448315,-0.018103737662997037
111,19860430.0,0.4330192524596317,0.044145711269408354,-0.004441846150428851,0.04472430038072167,-0.012802068087433423
112,19860531.0,0.01902157888079235,0.11849606769395071,0.01883358089157451,0.07940951106341353,-0.022741091297823722
113,19860630.0,-0.8950688821896832,0.12527947543251686,0.10154320662911132,0.07847830848933368,-0.0015492333099873287
114,19860731.0,0.0724953879454484,-0.04378841602932981,0.02378867451283708,0.02534999237985172,0.06878460458925918
115,19860831.0,-0.5625239209706047,0.09649130657805392,-0.00989682378020451,-0.044953490481431525,0.01874494689496976
116,19860930.0,0.212558815278921,-0.007311696111543729,0.08400677963836926,0.08878349395553763,0.02508609578337029
117,19861031.0,-0.10236202919036891,0.005649649866466077,0.057912862598296755,0.06078605048973106,0.02268689886860686
118,19861130.0,-0.40267200028009803,0.027183318736012874,0.06450296069895303,0.051380848556612214,0.038031892342791786
119,19861231.0,1.0432738495261036,0.05885157386035544,-0.004633890235847357,-0.012276418242066267,0.010906244168302225
120,19870131.0,0.7576589591134888,0.013556780198221437,0.03819874056346278,0.01112876872286684,-0.03964675979611288
121,19870228.0,0.33091266497661576,0.14529209755375536,-0.060952364848679344,-0.05041250991064476,-0.03348033661989121
122,19870331.0,-0.12045829842281759,0.097290622803823,0.05367369680962514,0.01345210128307363,-0.0273212009373919
123,19870430.0,-0.012865156963722486,0.06628771620276055,0.022442626727457733,-0.02557590610325447,0.011008376706188585
124,19870531.0,0.2047725039147229,0.05228649758452528,-0.05210610031799509,0.027354560052073533,0.02731339598629723
125,19870630.0,0.3889056497584584,0.09989703589424481,-0.047572510007186104,0.0030803826990353726,0.004449766467041215
126,19870731.0,0.1187153567948389,0.01936127409081045,0.05445298204823911,0.10628630397977634,0.027197695045891725
127,19870831.0,-0.1453796183522021,0.0846660820183479,0.048635897857358674,0.04691839573984808,0.002136510663843399
128,19870930.0,-2.9228349190001413,0.0037168271970038653,0.32352071513829767,0.11414346818952414,0.040926575517235164
129,19871031.0,-0.5132377341993924,0.13352186330665636,0.12906380743112306,0.12179919148987382,0.005024207206744647
130,19871130.0,0.4433235788742331,-0.04863525312791864,0.1318830060014037,0.2301237965412845,0.02980066677460964
131,19871231.0,0.45845510338612316,0.13414787949770912,0.10268072842824964,-0.06583722439687575,0.06264149524031463
132,19880131.0,0.6083944483301136,0.050617868743525765,0.024098842872905993,0.031812343261901195,0.07068048584211248
133,19880229.0,0.44918443727847795,0.162388544621356,0.006496324391003136,0.0016564650803568663,0.014186680611601875
134,19880331.0,0.21619155212858915,0.08867122961831296,0.02645383137107423,0.03775848509054628,-0.0019418196592675245
135,19880430.0,-0.18017808024758458,0.08337717619798266,0.05735550112612707,0.044501876076341214,0.017127118524880285
136,19880531.0,0.4917775395982585,-0.013652967631134886,0.03899155146757875,0.07285819656810914,0.026237855018177575
137,19880630.0,0.007611960775765753,0.11796201484105798,0.023067269945027502,-0.0007825608836707735,0.002074695230378732
138,19880731.0,-0.18890029824491608,0.09826254866810229,0.02352251118883692,0.03173612216085088,0.008804597054681042
139,19880831.0,0.15309848536790646,0.027363765137149207,0.05258268762765258,0.07113180852458426,0.024524395173791954
140,19880930.0,-0.14672295981196207,0.06606769532658045,0.0042285296133883175,0.07394742708632358,0.03557369285939406
141,19881031.0,-0.4813792044046299,-0.0039650102627287725,0.04673209058341436,0.06467607785030084,0.03296650722176025
142,19881130.0,0.18825586264920197,-0.032576541827179034,0.09341486525220724,0.07227304309995976,0.029283382747111307
143,19881231.0,0.4509038920961539,0.09315731471294517,0.06074881373047695,-0.030073747177732577,0.03378788930803301
144,19890131.0,0.08053710595708938,0.1207779333066301,0.02589067470180939,0.016254328381709923,0.008266570985077293
145,19890228.0,0.17260154798548322,0.0806228629203091,-0.004700137137378769,0.04225879462647337,0.00025352713104167835
146,19890331.0,0.18260172523476897,0.015873796394469515,0.05324508775951498,0.06896688973776803,0.029629749149311164
147,19890430.0,0.2205704432216397,0.022215844565195268,0.024046109299735774,0.06270680473259951,0.024713262404257023
148,19890531.0,-0.1035280264976323,0.12826181151025984,-0.016113576472827195,0.010206218486785622,0.01527216682828473
149,19890630.0,0.24759904770688598,-0.02489696099350111,0.018205278432272633,0.11559774576789393,0.005317793430293649
150,19890731.0,0.05375322601648825,-0.004388732744872129,0.07983949069469724,0.09050047031603578,0.02050842847587027
151,19890831.0,0.0291768448885566,0.0653160590475933,0.07408332761225991,0.043206515748395055,-0.029794988416528473
152,19890930.0,-0.38985144521678783,0.131336088445698,0.04996516306273874,0.05404269178758706,-0.046892709304117874
153,19891031.0,0.012617235994801225,-0.014074685880634995,0.013739992902363229,0.08675211977979548,-0.02447624109215538
154,19891130.0,0.01897895726572386,0.000476026971342477,0.049926094979583044,0.10926667955018661,-0.01060663454724608
155,19891231.0,-0.5590659808913091,0.20839125379116052,0.09779816679855902,-0.03441497595115801,-0.014291842864695323
156,19900131.0,0.15326587935307706,0.06796365586952353,0.09114460129116204,0.021876766759658352,0.00411007071493301
157,19900228.0,0.274799370988845,0.029220317440092423,0.10050884347275195,0.0678277272571513,-0.0012948235837821026
158,19900331.0,-0.08455128575075836,0.10638651839629719,0.06976888266619907,0.02517943896002232,-0.02673459559454132
159,19900430.0,0.579540592904585,-0.09842985641602782,0.09275897084954292,0.11848549426060441,0.0010187511951632706
160,19900531.0,0.12365920069171481,0.08773887682524245,0.08373698560563557,0.04122131558404752,-0.035201561810327436
161,19900630.0,-0.28926055688320235,0.13518420612311874,0.0440048005169106,0.02477383077335909,-0.019340493455735505
162,19900731.0,-0.988089219870455,0.12846931740895315,0.11172080760204127,0.041505111936865624,-0.011460555212527907
163,19900831.0,-0.6177809397528176,0.12869090586509074,0.055694789038535045,0.05598845539953189,-0.030708894973957165
164,19900930.0,-0.5176595503543252,0.03742658688588398,0.21667451000036606,0.15867301346666493,-0.008916286275807454
165,19901031.0,0.19325540689685655,-0.16055714597583812,0.13041853971834658,0.12250178929118503,0.07349821256968808
166,19901130.0,0.1791042899308269,-0.04686296863571456,0.09035758535375764,0.21414181536316795,0.03360700966608728
167,19901231.0,0.42222103176879044,-0.05858967982884326,0.22092365621088184,-0.03352967499681523,0.08788891381732895
168,19910131.0,0.553548976525056,-0.012009821010376929,0.18525760045786374,-0.12279737149907147,0.05981792753663432
169,19910228.0,0.513474034411627,0.15416448855987688,0.09833944179588885,-0.06709822764910876,0.012615902265807045
170,19910331.0,0.19443391513240682,0.23793946603180532,0.11646802020879328,-0.018318382719161783,-0.008750597886022535
171,19910430.0,0.23066357673727936,0.07008170965793846,0.01949684314135669,0.057393979633894726,0.019526492396567872
172,19910531.0,-0.18938978298625683,0.18338353725024023,-0.0037119908486711595,0.015444759856396258,-0.016719834173538322
173,19910630.0,0.2053592614770733,0.011539090062856484,0.08462064619207688,0.05936303496251653,0.0014828644732944763
174,19910731.0,0.2510332519338439,0.06030896884010002,0.11701065414156024,0.06750167805292717,-0.010220218552259769
175,19910831.0,0.17105639317211568,0.07672384115670317,0.04898722181750273,0.04544156127130347,-0.05253644115988776
176,19910930.0,0.2708888505861271,0.0608444737028699,0.06382740661172072,0.038594255945187374,-0.04181605241714625
177,19911031.0,-0.23064641259181398,0.18563232433628765,0.054454354086464596,0.035550590718723525,-0.049414550349440214
178,19911130.0,0.32880915206432,-0.1510492686160101,0.09596742635738395,0.21149215989169368,0.040866453403451526
179,19911231.0,0.11086996996262166,0.19516528790911114,0.3966045609220752,-0.32874117443509904,-0.000998391203483135
180,19920131.0,0.2887996967400239,0.2624146266859946,-0.031623727157966026,-0.11278353287172205,0.016690050990165017
181,19920229.0,0.015361581442939327,0.28495576236891684,-0.05681189342130737,-0.023237328722843377,0.026444134931464892
182,19920331.0,-0.35827397264699984,0.0939396610502978,-0.03406474799796562,0.0690251703221813,0.07801256162223512
183,19920430.0,-0.07334971145102384,0.07884861354854858,0.03949724777673372,0.03424613482566271,0.02962582865859229
184,19920531.0,-0.2424036452390769,0.09977747243981155,0.0023362504799400606,0.059947221636268665,0.020229235745794456
185,19920630.0,-0.020174778634479733,0.012090052261099212,0.0803546471550075,0.0884243929182375,0.029079824343055956
186,19920731.0,-0.12933649421182572,0.09175792211474741,-0.00774302032165376,0.04560333790523353,0.015999100646595113
187,19920831.0,0.15933453571047224,0.02684721423455042,0.005715858571355631,0.0586319571420667,-0.0037546053102712152
188,19920930.0,0.17591365444910145,0.03376389742092977,0.13556478884846399,0.09728468563319838,0.006052854937511049
189,19921031.0,0.3681852511107713,0.018382262034937712,0.20141655234886857,0.08382424708167267,0.0039899715800698335
190,19921130.0,0.12312962048720505,0.11841330630482594,0.10103063093328815,0.05373842054947628,0.017665781039036543
191,19921231.0,-0.005533028784093313,0.2980213905107988,0.13519820431501497,-0.08423311098410673,0.0008073663730560835
192,19930131.0,-0.19767354322765546,0.206521174135901,-0.06047225042184039,-0.018578000252396303,0.04609523665081366
193,19930228.0,0.12234783389534122,0.09118448049711217,-0.01171083882114914,0.03152508814575143,0.005165626531781909
194,19930331.0,0.026837930474532146,0.16088746446645152,-0.021472169043555176,-0.021536121231023924,-0.029314513588020383
195,19930430.0,0.31636340540825747,0.021501002744517668,0.01998390322059174,-0.025302100408021385,-0.015154004828936642
196,19930531.0,0.15927615707213602,0.11987162691146848,0.019807066865865676,-0.0031671123457412413,-0.017592422137370174
197,19930630.0,-0.09523705424159988,0.10114645810704417,0.04300382504152281,0.02991253108328086,0.01589412308460631
198,19930731.0,0.22979382124709002,0.04549762106471091,0.08041347216417766,0.052958021725983975,0.013871451996479196
199,19930831.0,0.08518341386347782,0.0809132767758451,0.07939715233636846,0.04836896329997928,-0.027625000118182766
200,19930930.0,0.012151704207495537,0.09582215065959719,0.07700112395721237,-0.041374940034305904,-0.002026774630545202
201,19931031.0,0.025219299350323368,0.11603952154329332,-0.005926837337182855,-0.013380636720111482,0.04016462073307094
202,19931130.0,0.18445987012306103,0.026852184966048867,-0.010240194009928018,0.09042090572142486,0.032795213205792643
203,19931231.0,0.2112070871110702,0.17169716298344267,0.06938751060214621,-0.05765476546007179,0.029585531239094354
204,19940131.0,0.1267393521908832,0.14716983440236045,-0.0030688900609954677,-0.018090695743065523,0.029992546850555593
205,19940228.0,-0.038614785644843976,0.1929075413672678,-0.008188026273952539,-0.0024445084216560666,0.021385073531980756
206,19940331.0,0.03677316804703997,0.08700888916481501,-0.013030850533516464,0.08968898084837097,0.05347579320202374
207,19940430.0,-0.06347368336661864,0.08523922439287857,0.04350484586468212,0.03054964671104513,0.030172344421753976
208,19940531.0,-0.18926195160570425,0.11687293045167653,-0.029607270395441233,0.04440067504998329,0.0286001486875279
209,19940630.0,-0.02149301364515776,0.00023757949275688035,0.07859450355326361,0.05404770160174233,0.03603745173160563
210,19940731.0,0.18752385505134186,-0.02906278865790448,0.134802574424879,0.08556939954604993,0.03182931282490377
211,19940831.0,0.10311678232091782,0.12202860393004902,0.03495046477536886,0.02190545252946703,-0.025831173149361432
212,19940930.0,0.21724489293131818,0.06867894563802937,0.04505654093095204,0.08192010313264324,-0.013888706140055418
213,19941031.0,0.11522046936550846,0.09504603960232155,0.037352815317782055,0.0857098787775585,-0.017642934590012524
214,19941130.0,0.15721976335426824,0.0015328990371571462,-0.0036432839728874067,0.1326088294300508,0.03411525336487947
215,19941231.0,-0.03910322905450847,0.17463124853584844,0.1502051212586449,-0.04076130833621561,0.04285363612471994
216,19950131.0,0.0334442265500932,0.010720961438224763,0.07984584750254492,0.04773868446873426,0.036987102908036654
217,19950228.0,0.11583150019565114,0.0011195674645226943,0.05031051743848974,0.04661326709224256,-0.0027310781645745394
218,19950331.0,0.016924413382997414,0.06482005767516102,0.06885635570598324,0.026179439274924044,0.013686151149515728
219,19950430.0,0.0580942630171916,0.04414915258377543,0.05804175286851049,0.05088693573313571,-0.0009971801238705198
220,19950531.0,0.08752188652946173,-0.04265255509068576,0.13257301265156388,0.014074970074832738,-0.04653706159940019
221,19950630.0,0.19755502735136993,3.312666835002427e-05,0.1330986919236957,0.04844706097559929,-0.02391936756199966
222,19950731.0,-0.028129794433476938,0.12548309993383097,0.13172298687620224,0.016777990893733732,-0.016516458822115106
223,19950831.0,0.07483507040425162,0.11417966794862709,0.060240572086487705,0.023218301642704137,-0.029754554832563677
224,19950930.0,-0.189263915902296,0.09049110238777824,0.025849058075708226,0.1336896916066369,-0.01997420881000196
225,19951031.0,0.1518094719709743,-0.06038097219025703,0.02759426385689152,0.1409908598298032,0.01591625741011889
226,19951130.0,0.09353596014892256,0.06534325610064232,-0.025052622275414674,0.06719693757786785,-0.024364160227417445
227,19951231.0,0.024058449345278125,0.15598307674644862,0.04451847051027302,-0.10172812466313995,-0.004797304094116613
228,19960131.0,0.1253167339405516,0.08013323547035554,0.08878843893854627,-0.020126121030988046,-0.015134189608145313
229,19960229.0,0.14713563787948108,0.10225764323057089,-0.03480648957464008,-0.04778499461204199,0.018076736850308944
230,19960331.0,0.4846242827589419,0.05151161037993438,0.07696779109610606,0.00075856360313183,-0.00562157643837117
231,19960430.0,0.3597264511609186,0.2198910900834358,0.023550296499714768,-0.10262032893087936,-0.056310879679325035
232,19960531.0,-0.0933380708751332,0.15926854408574795,-0.08457511799394514,0.013923135931122935,0.03913554043401278
233,19960630.0,-0.34385748569754276,0.1089726583402875,-0.046932096070937575,0.07449643803857407,0.05813698291832542
234,19960731.0,0.21573381019285823,0.03182841546900272,0.09377293691992399,0.06312258962192697,0.033668772516323324
235,19960831.0,0.08257283180790571,-0.05350521837705322,0.07202195513238933,0.08937148254880312,0.010243720232972644
236,19960930.0,-0.07499040596152626,0.08470147859714872,-0.027323592505908344,0.1279234086375588,0.04210415063675041
237,19961031.0,-0.035620978012825044,-0.040274835893823774,0.051415634616700054,0.08254610176609173,0.08557456164843283
238,19961130.0,0.18390907166940357,0.03799338337090007,-0.01094217997619203,0.15035486868382983,0.014728148128444729
239,19961231.0,0.062162259095380375,0.15255313151417305,0.15335768733577101,-0.09039640494180769,0.017281649384736784
240,19970131.0,-0.24245027718379006,0.13999661536986366,-0.01808238350825618,0.0012051292139309078,0.042286330390481464
241,19970228.0,-0.1997330565830947,0.12446774538506106,-0.04189448852054037,0.05463748234709993,0.0353977033350742
242,19970331.0,0.05019545850455716,0.04599716771761248,0.0005537395403984527,0.10477759957047345,0.058085984025899595
243,19970430.0,0.5182005204417315,-0.12837086451928081,0.1380489189452993,0.10261609681357245,0.0778398979325916
244,19970531.0,0.17405222618121227,0.051579826208868106,-0.011226756699968293,0.061841173250055025,0.032115212217626525
245,19970630.0,0.20415732820033994,7.335426182879246e-05,0.09919724131128513,0.09902723722524961,0.05620202210280546
246,19970731.0,0.17197340382932533,0.09957485903730869,0.07728905705188743,-0.00010331988712838489,-0.01787982416538214
247,19970831.0,0.18136857459851366,0.08391355202306888,0.11398933384478288,0.03864221097948405,-0.011412726029697642
248,19970930.0,-0.16805629797940613,0.19837375777757407,0.015083825265460343,0.0016441344540218733,-6.603823291301923e-05
249,19971031.0,-0.04802181016062564,0.04687662312413151,-0.010637245413964887,0.15186807819770795,0.027471633398144315
250,19971130.0,-0.1402547579854979,-0.02084844995931774,-0.052480507062548934,0.24700334535904753,0.03694145575617518
251,19971231.0,0.06521423632399632,0.13189904218301052,0.11128606665747023,-0.080346262333317,0.037146213267536976
252,19980131.0,0.3123306241845324,-0.01782311045736147,0.06953348929883886,0.05009144507570891,0.05248606500839533
253,19980228.0,0.24886653757520735,0.07378706319788132,0.020669542850796647,0.04643379759066184,0.011861019288706656
254,19980331.0,0.09964797016768127,0.11806738398691113,0.04875444372803473,-0.01940316562170736,0.0037572037871145803
255,19980430.0,-0.17207132848653964,0.13049428394126647,-0.01219718909022551,0.03666752391041161,0.006819363594394424
256,19980531.0,0.0006717338296948483,-0.06437595722306858,0.025527888218665494,0.1561556186530353,-0.011124979072556124
257,19980630.0,-0.19325621244449243,0.12445800501863759,0.03297931401529098,0.03919412400177917,-0.020280753790344386
258,19980731.0,-0.6577607777540198,0.1581731172135558,-0.055231397880143696,0.10031241572556826,0.016292536246295293
259,19980831.0,0.24612647826354067,-0.13178291025462358,0.2009378073656846,0.14565414361402945,0.0005005413626710698
260,19980930.0,0.27254241278924457,-0.07089410905770666,0.22577341117186228,0.12086745042541616,0.0787555097950243
261,19981031.0,0.23342893581770596,0.008157304732172563,0.29994239613783913,0.050854244206799584,-0.06584089007762305
262,19981130.0,0.3252992150576378,-0.07396153589565659,0.11456179689408215,0.18057711458768977,-0.021708308910207905
263,19981231.0,0.09287683550900794,0.14291161235419605,0.25666909055327397,-0.15838563101074743,-0.07314224268433946
264,19990131.0,-0.24686460419564632,0.15587652952633924,0.04277242692015866,-0.0050529342799576354,-0.009876948127346916
265,19990228.0,-0.037960156656612024,-0.18913799803939926,0.10473768871339875,0.048195078867958645,-0.016783185119224806
266,19990331.0,0.26314572509773027,-0.0339506587670106,0.05526990540487371,-0.04710242915389684,0.06839463763088233
267,19990430.0,0.1348302743712717,0.16572368130231435,0.05304131434221432,-0.030879200740495782,0.055996141172844724
268,19990531.0,0.19156757970359273,-0.04537917183333359,0.07009578287884585,0.08385555288113325,-0.007943288592864863
269,19990630.0,-0.12021819799746682,0.14627418738715964,0.10790230631935695,-0.004113571786131058,-0.03186256950610664
270,19990731.0,-0.07825052216184467,0.032365697715262515,0.046405164062819707,0.0894248009208949,-0.03955893934965428
271,19990831.0,0.02089690869230662,-0.041908178144965814,0.05916828437076811,0.04974726014634771,-0.07067936466523966
272,19990930.0,0.04204930723493016,-0.06932113337999742,0.17424094066473908,0.183319925432542,-0.04099170652143587
273,19991031.0,0.1877938934320941,-0.011376650477989407,0.4287059059701909,-0.022746385845773785,-0.14644291955129204
274,19991130.0,0.3610566802004374,-0.10799434064971575,0.17939661831296735,0.012013573285415946,-0.17597366686412771
275,19991231.0,-0.07009215452307915,0.31475569246825735,0.2779507816683138,-0.22798956924619743,-0.15065042701898973
276,20000131.0,0.1399755302254345,0.06432014073243472,0.35205844062776176,-0.08247697627653405,-0.37008721690328084
277,20000229.0,0.18366280619244976,0.08765378675169963,-0.011588432331552642,0.06399716356429383,0.13861865433944448
278,20000331.0,-0.1251072961495164,0.12672388323752026,-0.1629669842093875,0.2071985540051381,0.17856714825636377
279,20000430.0,-0.011377681479829541,0.10991075750350845,-0.12457979531861466,0.15147306800321175,0.07920488945749306
280,20000531.0,0.37975538411959797,-0.07839937551692798,0.3346481133309161,0.14378558237724556,-0.0808458515046467
281,20000630.0,-0.05168696058116711,0.09343732975364717,0.00913891270669169,0.09014212482734806,0.08294196927516913
282,20000731.0,0.216063290864879,-0.03234561190042276,0.2031062744443431,0.14783275616926603,0.035001576484122415
283,20000831.0,0.012130521076869077,0.1459416148637643,-0.1304816428152439,0.1298626078204519,-0.024339429445656997
284,20000930.0,-0.016446625012314524,0.10453355937994387,-0.06371229465439046,0.18919312408769304,0.06018217562831335
285,20001031.0,-0.07815908217438164,0.25721008285605956,-0.25995689748045403,0.20694504132734096,0.054854244212960424
286,20001130.0,0.19655919586522352,-0.1345761354036435,-0.06704993147743143,0.34071309315226156,0.10124314470659773
287,20001231.0,-0.06537903010168186,0.15824869832538524,0.6753722182143337,-0.4450671213473453,0.2971173191222381
288,20010131.0,-0.04686492607353934,0.36561697279298855,-0.17321281551462175,0.06618665109685926,0.06339763964652984
289,20010228.0,0.0473750628921969,0.20887268052465593,-0.16221692703552115,0.13549822650239604,-0.014873993553372752
290,20010331.0,0.3051675592443855,-0.08689890841349138,0.30246827188168224,0.14762141927206895,0.10397310316324947
291,20010430.0,0.21502340270907386,0.15968674393066243,0.07680066634224098,-0.001668053048388771,0.007834679707908741
292,20010531.0,0.1666119183685585,0.04693373185763336,0.002787055522043478,0.0963074427592357,-0.005677146233775307
293,20010630.0,0.023303363205045047,0.20573970520010038,-0.0569253515718674,0.10800484467017937,0.044727132764230446
294,20010731.0,0.04833569160992088,0.20173795914463125,-0.06472200833991569,0.09503919387341925,0.013106141638224541
295,20010831.0,-0.19084811302622898,0.2673283035766144,-0.07299585843965353,0.10832482706264153,-0.08142885479107503
296,20010930.0,0.16263542634548922,-0.0404189829145375,0.4042356562446163,0.09578522994541423,0.0008070450346491399
297,20011031.0,0.10643195871070146,-0.1391721646972607,0.2744837728685414,0.04156258789362591,0.09161373209233091
298,20011130.0,0.20050268081179684,-0.018063659412335658,0.1575773832328418,0.05752751164448194,0.05239661776908921
299,20011231.0,0.18533646572678267,0.28349061001417053,0.03521361511993808,-0.004139666026798619,0.056811860548551064
300,20020131.0,0.15147758469347306,0.20734778154345515,-0.17837688594398501,0.07381240214678726,0.055511953670023595
301,20020228.0,0.350802897892766,-0.005829782313117633,0.04874697919417161,0.031218655810445656,0.0970518967315847
302,20020331.0,0.2065436630307623,0.2653684111715508,-0.13555710724163095,0.06475610017366941,0.0828161475183178
303,20020430.0,0.08083571036797754,0.22486801866371936,-0.0449129072638963,0.09460358713400645,0.0020070476080714553
304,20020531.0,0.05136980670196291,0.1594569483290719,-0.08171180116863253,0.16085904628243555,-0.014974096188807597
305,20020630.0,-0.5183978543909271,0.15531567396687704,0.08329376603317602,0.10898520526214905,0.004783266991565415
306,20020731.0,0.0701555464176632,0.097300014540642,0.07662880260153525,0.06604753680574735,0.048132432180559216
307,20020831.0,-0.09349272875896024,0.1088714882940779,-0.041199030992509406,0.14543664663325753,-0.06485543808475577
308,20020930.0,0.03971419819614198,-0.052384915415359105,0.30491657679156237,0.11617590742738856,0.03996915714277105
309,20021031.0,-0.056107705834658496,-0.09798419202684439,0.3797927387584485,-0.16890536635594258,0.13797952957157253
310,20021130.0,-0.005737399281400374,0.15336552264149972,-0.08079921419101566,0.13154636335485903,0.019750816529719276
311,20021231.0,-0.14044130087873696,0.1537071997908048,0.09333184596655869,0.0025832334595422965,-0.023097797000340644
312,20030131.0,0.006211619803512759,0.07802895584565427,0.0020844161057770004,0.06242829574660117,-0.013142887392271204
313,20030228.0,0.06036410660246528,0.03447131746232167,0.07974697327223154,0.062434946266679545,-0.018673655125974718
314,20030331.0,0.1518245667342066,-0.06092961065370629,0.19044353580244727,-0.0179612836742499,0.03629389511035801
315,20030430.0,-0.0191122676610827,-0.010415851559799998,0.37766741010626903,-0.160827104827768,-0.0364774988924674
316,20030531.0,0.17013666401411498,0.1478294643111073,0.05131120292274647,-0.0791333864157807,-0.007617870257125669
317,20030630.0,0.2747687010087073,0.12894759960657726,0.12268815157926816,0.005803522020268831,-0.009969597174030691
318,20030731.0,0.11663241709476187,0.019613576832844246,0.08006864103159128,0.011428914409387253,-0.006098134283645158
319,20030831.0,-0.09222064976417502,0.15560071509635054,0.1103943614762722,-0.0898190395724677,-0.023936492384740524
320,20030930.0,0.2601147196496687,0.08124631978624218,0.08579876809488911,0.0280848171493556,0.0010322842892737903
321,20031031.0,0.0971011812905146,0.08415273609355307,0.00841903053543706,0.026068545596427756,-0.015009044607090861
322,20031130.0,0.020989524438827605,0.06016456006803701,-0.04748704795380385,-0.07396374396301401,0.057162453845201446
323,20031231.0,0.004524316596588744,0.12399244478452658,0.15444438975671673,-0.14900176991699923,-0.02191413085190559
324,20040131.0,0.18296651346424986,0.13082040430063377,-0.055558375574489824,0.026509133384648387,0.02127138279182333
325,20040229.0,0.13494592000470304,0.12909032995693395,-0.0509102700488726,0.015858893279749577,-0.015506662584065413
326,20040331.0,0.13103372019687134,0.17861126825527332,-0.09685258014570357,-0.006730918764218876,0.0051759611205359594
327,20040430.0,0.09877374112420907,-0.019459600070682086,0.04627557090122417,0.10188585068920022,0.02574253634051228
328,20040531.0,0.13550673480268005,0.00219857022880904,-0.01165030395746941,0.04137527755258508,0.04942593771904875
329,20040630.0,-0.1393787469423387,0.15159193811421512,-0.0936972904467754,0.07351152576440345,0.025100253142562274
330,20040731.0,-0.11449349508571274,0.005817384738873081,0.012251775654914275,0.06002859812986504,0.011411982724567895
331,20040831.0,0.1693072404232957,-0.007725852576710362,0.04554295709096619,0.055758196070309685,-0.013428192573847695
332,20040930.0,-0.01425893157069167,-0.012334984935736757,0.05652309536502131,0.05021279962585678,0.017898752663244685
333,20041031.0,0.40149090620822614,0.12002761978944267,0.047697495375668274,-0.0360027059517449,0.027133070141545694
334,20041130.0,0.01901681974881982,0.09379686575693441,0.0900139468814382,-0.08641175045404148,0.011549080468357365
335,20041231.0,0.03236578962850354,0.15464520766087445,-0.0502920311433671,0.06940543573269298,-0.015812663296792248
336,20050131.0,0.158465144110876,0.02304426858125687,-0.025360676795344976,0.06395712927228352,-0.01180550952779425
337,20050228.0,0.1479194222813353,0.10841763513793845,-0.08168916303298161,0.028420378759154586,0.026841162256685255
338,20050331.0,-0.080943285505512,0.06940311921851731,-0.02209678123191263,0.0793866530504786,-0.011428606149446269
339,20050430.0,0.12947797778316764,-0.0591629226914711,0.10403257162866272,0.07351264694020263,0.014539480784326065
340,20050531.0,0.10744035289272004,0.022137773665497795,0.02619264871439862,0.024332086982154714,-0.001999598652174625
341,20050630.0,0.16682850889594827,-0.0016415512807420604,0.07498383461559359,0.012114749122788175,0.007976776401281844
342,20050731.0,0.042231557865513907,0.06051653626580309,0.022153883393068438,0.05336949012988387,-0.0159285505382727
343,20050831.0,0.06859635041345866,-0.00415717814223374,-0.002097691930608485,0.02924910039141515,-0.04364396904412654
344,20050930.0,-0.07078070466116118,0.04636055889558942,0.036389795929926805,0.08554441189244179,0.007412761014944986
345,20051031.0,0.11680303053043074,-0.010163066640020677,0.06778017115616645,0.07966139298517212,0.015698428482029163
346,20051130.0,0.12443933121760914,0.05879174641319177,-0.027062024482467525,-0.012804744009639208,-0.012844374402437506
347,20051231.0,0.21998432073069712,-0.02222311336883096,0.10833760956797168,-0.008458672449159984,-0.055318808378064556
348,20060131.0,0.04968910920394733,0.10360723851991085,0.03784182081814301,-0.0025245437315850085,0.005377978224202096
349,20060228.0,0.09882076132071996,0.03693111342128745,0.029826560030617486,-0.01219037497050091,-0.014051025129960225
350,20060331.0,0.16078223628256028,0.05663968048255969,-0.04124673053443283,0.014278366705262903,0.007907303231500355
351,20060430.0,-0.11433564859199964,0.08549383465647092,-0.06984229609029433,0.02998438707199123,0.04520141383110035
352,20060531.0,-0.0015494713860558383,0.027382116148575275,0.002922605781512131,0.06820380857346174,0.015603786702889016
353,20060630.0,-0.05312067928888583,0.08153122764514141,-0.024666020013176613,0.0692594164518114,0.026253027651279806
354,20060731.0,0.06728082189517946,0.004474561862255125,0.04868378861557873,0.016729982314572473,0.017766785377061833
355,20060831.0,0.13902589147351577,0.06055370606091441,-0.006891599570066468,0.03594804087627485,0.02908398538955995
356,20060930.0,0.09946837768918869,-0.03249880257130288,0.06528816235386853,-4.138988179300272e-05,0.008499502280403632
357,20061031.0,0.12110362913927425,0.006456463606381111,0.021570111363845266,0.010622281916277444,-0.005290309604173696
358,20061130.0,0.09703763532546006,0.10546263935221184,0.005060345783471159,0.019192071489594443,0.009990412100340669
359,20061231.0,0.15070002220513184,0.07506749346944012,-0.02559079203136738,-0.030022183084103836,0.0063556027201502035
360,20070131.0,0.06655816297517445,0.08061191919586586,-0.005634108487303592,-0.016547925277972313,0.0056921721821289765
361,20070228.0,0.1264273675296175,-0.0022136660622908127,-0.01866815384294577,0.06743118381640588,-0.03050142048223087
362,20070331.0,0.218896524588923,0.012713051776432668,-0.016689731078958006,0.002856574110243442,-0.014767521978631681
363,20070430.0,0.22017695795804493,-0.016355688676071404,-0.031423865898161686,0.05906939774610634,0.029793196640352553
364,20070531.0,0.04863031641744399,0.05261850114564773,-0.004452692231995906,0.01716880540652964,-0.010965309176350453
365,20070630.0,0.06135991384302507,0.06490059614658493,-0.05560900092201554,0.03925801597613341,-0.05141362617607222
366,20070731.0,-0.11071573314663756,-0.05370796645789675,0.07120816661713134,0.1249599055245178,0.006503526519741961
367,20070831.0,0.016210197290465474,-0.024359437761533674,0.0455062264069714,0.07089722379123073,-0.06667902203198237
368,20070930.0,0.2683519641938534,0.013370495448342236,0.034875298929998175,0.11088118502233235,-0.06303694793585199
369,20071031.0,-0.1845718563473348,0.031192596168709757,0.0002590995249460229,0.17150300134939322,0.0011755890908063688
370,20071130.0,0.12210175316768013,-0.013676613799334686,0.000642415293244292,0.0696983330319143,-0.01764235228114543
371,20071231.0,-0.34101166681973616,0.043089511347279924,0.07104791128840719,-0.03394798358317142,0.08498452115128893
372,20080131.0,0.04432976870405399,0.13422046735313556,0.025894914579137125,0.044215564254653325,-0.007785491791388591
373,20080229.0,-0.09278857855060572,-0.028488437581220834,0.038388867328982876,0.10895690652423513,0.029702022114800247
374,20080331.0,0.2588888973862757,-0.017737006004765535,0.0749920888827612,0.10158059797117067,0.016886263681927843
375,20080430.0,0.40648436720647313,0.04280912336168417,0.0013867882007025378,0.050153763783474685,-0.019152570273475777
376,20080531.0,0.18664436471727902,0.11012054906323708,-0.1199320103595746,0.06098391745477805,-0.10193425575998308
377,20080630.0,-0.11210207504163965,0.023429969915785706,0.2259364379217685,0.13004046412421966,0.03638776262906107
378,20080731.0,0.10305812970381163,0.0022527350051095504,0.01681954718379991,0.043258344773261785,0.07976309491595107
379,20080831.0,-0.4425692494689144,-0.05241866016361949,0.01711043395146462,0.12612964417548084,0.030678931043807308
380,20080930.0,-0.7966454545304927,0.11906305826808981,0.14050352137954122,0.18436527377598372,-0.06708455497237129
381,20081031.0,-0.31090614765339714,0.07142899194146693,0.13102870472268285,0.2305118030351246,-0.06158170464902786
382,20081130.0,0.1469517270712494,0.02480221714304065,0.24515872533519312,0.17075019674371722,0.0377441546164552
383,20081231.0,0.0752743323972099,0.26082613854332715,0.1800822123386912,-0.0683600730125582,-0.0474728305487249
384,20090131.0,0.028775915902859755,0.15056617282207682,0.04587698512524542,0.08936941579439517,-0.04506983612510609
385,20090228.0,-0.15072081862997244,-0.02671187805966745,0.25140688949773343,-0.0839901170612033,0.04490118739461026
386,20090331.0,0.9019841370478421,0.06283827943246141,0.0247229758673769,-0.25503400519766545,0.2934633247647263
387,20090430.0,0.1703893133927837,0.18399407208446497,0.2096141438452257,-0.12977167687076388,0.06041661808396919
388,20090531.0,0.415984528409479,0.21264840887995248,0.04443039119288463,0.00038059521147629455,-0.014324828987944188
389,20090630.0,0.3859750151013691,-0.005910722251207938,0.07414626817279527,0.005990442954422773,0.07493753909053735
390,20090731.0,0.21030949261178997,0.13726735110039803,0.04761935142670346,-0.196424517642313,0.09736683741448839
391,20090831.0,0.3346463675801288,0.002400650362772857,0.10333119533057838,-0.05897788886325577,-0.0033859674948902743
392,20090930.0,0.06493762828855809,0.15680094063137917,-0.12303346137613302,0.0554499945149089,0.04488732411238002
393,20091031.0,0.25325827565413767,-0.03565941872270846,0.04410655263992676,0.09562348410579609,-0.0038273390665051845
394,20091130.0,0.25792483525525656,-0.028302293521326863,0.04438657937789493,0.013492061151435418,0.015639884958285867
395,20091231.0,-0.29338401339487635,0.1141720504909586,0.035567484201022875,-0.11164180657118199,0.039274444813292064
396,20100131.0,0.21978748612311477,-0.004990129935394914,0.029295212594729197,0.04262473988301019,0.014776077649582076
397,20100228.0,0.31475246287590825,0.05307614772969349,-0.008916400898335841,-0.038739579311893875,0.05510368450298147
398,20100331.0,-0.10775469519183582,0.028501304133646047,0.04449764733526441,-0.1573084044163002,0.03235860974311058
399,20100430.0,-0.024767196644272155,0.12576175724642313,-0.039384626494562064,0.09064331391604072,-0.012430322730660963
400,20100531.0,-0.02014062991754295,0.11620040513416928,-0.05492781858398161,0.11771427459687704,-0.033446170341718165
401,20100630.0,0.15541491523329293,-0.06142714429454752,0.06885596252064896,0.036295504841075986,0.05105417048025431
402,20100731.0,-0.03304866776841311,0.07869138786848624,-0.0453997996967471,0.058629837651877605,-0.029606406464216726
403,20100831.0,0.40986274933131844,-0.07765680119934443,0.07324941274989928,0.018011014646747574,0.017215106119719194
404,20100930.0,0.16414073962301165,0.04855537159008617,0.0167671678534782,0.022915734087938233,-0.0060149578240726205
405,20101031.0,0.24800992974044722,0.001720745923384435,-0.015435470208417212,0.05519501303682818,-0.0019253605052952255
406,20101130.0,0.06696038579250006,-0.08577130738930162,0.0889410699572352,-0.04104923787784079,0.010920753904278758
407,20101231.0,-0.015764606914931027,0.13738230105608526,-0.014194003990611374,-0.051769836703694706,0.022904293023154988
408,20110131.0,0.1345814681122059,0.02292693872218143,0.0005060270124655097,0.025596993159157505,0.002006187124640401
409,20110228.0,0.1361397104997615,0.0027670549816002973,-0.013014439644123025,0.07546173279674263,-0.025815496109396135
410,20110331.0,0.0923464069129534,-0.020822247696412992,-0.028362328857451567,0.04554002969665151,-0.006382140033053446
411,20110430.0,0.04978808004895806,0.07502179508080761,-0.059331622594670196,0.03728345993548425,-0.008035370400814073
412,20110531.0,-0.08671728830495909,0.0511647850499757,-0.019200606131174323,0.07200138383895889,-0.008808778816560904
413,20110630.0,-0.005890394559919454,0.09754440427593168,0.02150519490887601,0.00252232845485303,-0.0015965696531150743
414,20110731.0,-0.16253434254125787,0.07406998299604502,-0.026430248092120325,0.12103380690967637,-0.01641440948737329
415,20110831.0,-0.20306261288864066,0.12245337253324647,-0.03722318678258051,0.11228166579310837,-0.029876525698544928
416,20110930.0,0.29072099228358783,-0.11705066328581783,0.16629193024150285,0.10754052095031244,0.05676772801843747
417,20111031.0,0.0632288404006604,0.02194946643881227,0.002087873115852349,0.12714227279876686,0.018354854353524484
418,20111130.0,-0.0010399417946593409,0.038926392995779574,-0.014105515402684673,0.05852073007735908,0.025432893640243405
419,20111231.0,0.16948505554223717,0.020961489760688106,0.12694521522650365,-0.08518441401655352,0.03185527863156614
420,20120131.0,0.1246745585847027,0.08450625977075166,0.042390552303552057,-0.024989956500047893,0.028485361065818497
421,20120229.0,-0.0650035975418936,0.08800101955941671,0.002722651259720682,0.002237171093993758,-0.002611624626995311
422,20120331.0,0.021648061924866135,0.11482992243522999,-0.054639178399621756,0.029987476289166162,0.0039572078859742375
423,20120430.0,-0.14826474682959856,0.15999472285417796,-0.016013860992874634,0.07647614405177913,-0.034938310802094946
424,20120531.0,0.10531243687543694,-0.04208383104211899,0.014227791209935059,0.04649128872946015,-0.015032481982294956
425,20120630.0,-0.17945136485356183,0.011050623449203068,0.04883994978406289,0.05508730651047994,-0.003232563151909798
426,20120731.0,-0.07663164476333428,-0.050089386231231235,0.08447266630659493,0.052528060055804245,0.023291946612185283
427,20120831.0,-0.023680040791289134,-0.00918916151636659,-0.006614725620052454,-0.05877923646104912,0.01579071955052411
428,20120930.0,0.015108603073270452,0.0909405052710193,-0.06138902262954182,0.031748959065083605,0.05084735630138953
429,20121031.0,0.15560858087170465,0.025166254455262764,0.038851377198780575,0.07613462960415172,0.023623795806340497
430,20121130.0,0.1424098579608906,-0.0010082202130727571,0.003011808281093188,0.004506424139572382,0.057520287516469204
431,20121231.0,0.1329250962145351,0.06860520809314362,0.010050314670936741,-0.05645983635282557,0.05378220945240509
432,20130131.0,0.011505464476878294,0.06613720030205135,-0.03631885189179156,0.031655683448007704,0.002687988759362849
433,20130228.0,0.11916271937608101,-0.010417840173355298,-0.017238501105786196,0.018277572200883562,-0.0023098680761976286
434,20130331.0,0.067648054431037,0.014670054112714152,-0.01752555195813899,0.039472430755566376,-0.009627789134546403
435,20130430.0,0.17870986607694545,0.011960829879338497,0.04750044347004302,0.0071653783786721145,0.0228998324435474
436,20130531.0,0.17118139013522346,0.10961982046733756,-0.06230360669760424,0.03491513754018426,-0.015316814288603557
437,20130630.0,0.04106933892777822,-0.004462334352681306,0.060854704800784164,-0.013727228755483687,0.010257264255356134
438,20130731.0,0.1023234397948098,0.0926743554735711,-7.51520396648428e-05,-0.015285033852735773,-0.008022156503475701
439,20130831.0,0.1712564452620797,-0.004538042087191164,0.036929389877592575,0.011748709352208501,-0.005458312053429195
440,20130930.0,0.13922275654494995,0.08080422402488405,-0.06943480918512332,0.020786014906578942,0.0495267008180903
441,20131031.0,0.07616522360162756,0.023542329686704864,0.055654933025968634,0.04954339940679623,-0.010127593580085494
442,20131130.0,0.14806688379076588,0.0046737835330221454,0.004140731179468832,-0.02245709520089969,-0.011527120281053394
443,20131231.0,-0.13217118529543795,0.09211498023534831,0.06843655286427658,-0.0855299187338722,-0.10237608509357879
444,20140131.0,0.09178294770243439,-0.03668067035521708,0.04017553958543055,0.01251501809776194,-0.008483908607712145
445,20140228.0,-0.042606191190486344,0.07917166431349788,-0.02098804350364132,0.0042032546850099125,0.05117231884040917
446,20140331.0,-0.038824265572621405,0.044071560712596505,-0.09676998041093295,0.0028855465607326275,0.0726116136611086
447,20140430.0,0.0548373591392797,0.0004174439881972922,0.01156965502492913,0.07751716230284393,0.017387074697394398
448,20140531.0,0.10025754584809758,-0.06920119697975079,0.07369152565048602,0.01688089754524507,-0.021211223687525985
449,20140630.0,-0.015639319002271494,0.09896496105450188,-0.05287679927857047,-0.004770273349523953,0.03150023312925715
450,20140731.0,0.21971945106973548,-0.002544428977921588,0.042785412524345555,0.06793507669290086,0.008309876343215544
451,20140831.0,0.02129664109491134,0.12902209103398768,-0.05203805537859945,0.0921751325845613,-0.05647773538635964
452,20140930.0,0.15077150511899523,-0.01208400692884977,0.015876798429348856,0.15398529969581323,0.00432939355339045
453,20141031.0,0.20554989062446904,0.07646901272349953,-0.05330914234072598,0.0716653481130574,-0.0328456562086314
454,20141130.0,0.19902956884266526,0.060961848456524984,-0.013984972436120256,0.043611416116956465,-0.026431437542269866
455,20141231.0,0.03468621667827915,0.08523291401953129,-0.011188107840591002,0.01651121116023725,-0.07661956120219371
456,20150131.0,0.14889193902177242,-0.05138469243649645,0.09244012385923943,-0.02160081292481898,0.040088974241848374
457,20150228.0,0.11416279814307034,0.03426456283693529,-0.0026741659772229424,0.0901830284152925,-0.011489741947140928
458,20150331.0,-0.12443351179616961,0.012664133870953206,-0.0017668631153852227,-0.11151025499087892,0.07616670277852247
459,20150430.0,0.22367251502899133,0.03278767028760406,0.0625380000872023,0.10905599095875514,-0.049810022891450194
460,20150531.0,0.0704575957701067,0.059626201473288995,0.006808287123631983,0.08184442072840596,-0.03310746526701978
461,20150630.0,0.11649820074963892,0.06144299170668848,-0.04223850175046126,0.16768437158135857,-0.061821617655894744
462,20150731.0,-0.3805695981585253,0.060657467948092625,0.06172020094744239,0.0007700021659275618,0.03484976479582885
463,20150831.0,-0.12961726040217902,0.17430606871135504,-0.03753432139363858,0.11326514455151292,-0.012909954925288972
464,20150930.0,0.03337670202771032,-0.05585037260068676,0.05202490886287326,0.04727414518418876,0.0660831673875599
465,20151031.0,0.1659215001098059,-0.009429959037875635,0.17728406969048904,0.11581716259723922,-0.04034022905386527
466,20151130.0,0.07556571369326516,0.0998971894661873,0.01657903389870958,0.12110372403445481,-0.01938610503902555
467,20151231.0,-0.18402421715429676,0.18234427847882984,-0.11547973035404802,0.03526343470823094,0.05175159218707219
468,20160131.0,0.0405559899658035,0.09814345100814807,-0.0018224753859744508,-0.00042156988526906156,0.05595927189854583
469,20160229.0,-0.029632394564361404,-0.0799819787801467,0.04200019696484597,-0.07291221130802437,0.08138153266078349
470,20160331.0,-0.25055212542395117,-0.04249760088826154,0.033195671830596275,-0.13639732850085956,0.03302675520547698
471,20160430.0,0.05310849574084715,-0.029290264125523362,0.07041447718967635,0.12301769806771297,-0.027769347390043667
472,20160531.0,0.059394980247823234,0.1277250712481658,-0.09292957655648208,-0.046385486273027694,-0.0015164091427493764
473,20160630.0,0.23940654342095688,0.04720938715864729,0.03177284480832063,-0.011498800698762513,0.013620597570858112
474,20160731.0,0.05139519176293945,0.007581055803937304,0.060662893071020865,0.0005281263476089798,0.03261277284266253
475,20160831.0,-0.08666747907864933,-0.07167417609436066,0.07094008528583413,0.001022013405929038,-0.050451238998637196
476,20160930.0,-0.048554141877036015,0.10265534518862926,-0.0864248515713425,0.07663814447800332,0.05028133760439457
477,20161031.0,0.01617992319403957,-0.001784927523938459,0.08618381378407708,0.0505121556362158,0.09701846748342112
478,20161130.0,-0.2083445911213463,0.039467866250718096,-0.029759854022427833,0.017257372039691278,0.05024546891571004
479,20161231.0,0.12327815227122554,0.044635201501718624,0.05711153534194764,-0.02354196243926591,0.007613830489941132
480,20170131.0,-0.013158027283230353,-0.033206677319757814,0.049730848270002216,0.06413602957974586,-0.03058845133485599
481,20170228.0,0.09332121964259872,0.05230404924630342,0.01641191647478294,0.04618343361626607,-0.04876119318091132
482,20170331.0,0.15615592356145944,0.05533039199104703,-0.063521109758861,0.0714774376380011,-0.013239558845675091
483,20170430.0,0.11983443045122347,0.09382920050551202,-0.0642755037735339,0.08576463821712982,-0.028401884750344317
484,20170531.0,0.12004808469848692,-0.019172161368241358,0.09090184090532201,0.003615775826846612,0.006276632119030013
485,20170630.0,0.06641138713398373,-0.005679990216475733,0.017866365352880425,0.07113313365308367,0.02064487395094322
486,20170731.0,0.16858018128659452,0.025539591251286006,0.030423224948056292,0.08902477681789248,-0.03532055754744303
487,20170831.0,-0.03228945919054309,-0.015605801945621466,0.10482157282821108,-0.023483550623929855,0.011301137639038568
488,20170930.0,0.01131125160047062,0.02176229651573579,0.03732980965152759,0.09460073452243958,0.004093709482428627
489,20171031.0,0.29300886593029857,0.0920501520716213,-0.006208031241881254,0.0037228476087592484,0.030692167885663976
490,20171130.0,0.17913646679023923,0.07135463111110453,-0.03193794507019689,-0.04915826187323121,0.003041267404100699
491,20171231.0,0.1210392269085921,-0.028446401453890276,0.04189177985519664,0.03886871383337614,-0.006102972887357195
492,20180131.0,-0.05987686894606117,0.028058722178496018,0.022519652870102602,0.07011362950021187,-0.028745958134420175
493,20180228.0,0.08582191752894175,0.11501847508572606,-0.018359946880974497,0.022482002456015514,0.0005871099666461822
494,20180331.0,-0.03167770705269371,-0.008111478021292137,0.006780279438716194,-0.00582838150941482,0.01966884303808112
495,20180430.0,0.10001267722800096,-0.010903906043535999,0.0774055175325819,0.045080968038782934,-0.03730014587252486
496,20180531.0,0.30117283457075655,0.11779204721178627,-0.13766572929905901,-0.05082022946197459,0.0034361809284097263
497,20180630.0,0.1739905174319855,0.016715027242515976,-0.02229544863542561,0.08320215610743477,0.03653358721520072
498,20180731.0,0.28331531070342564,-0.02325718817472134,0.07166224178934665,0.10604272451849467,-0.06071620115816562
499,20180831.0,0.012175502611139248,0.002781810995773508,-0.03861987399341287,-0.01653586872377545,-0.0133273207537079
500,20180930.0,-0.23566270817980747,0.1518650820138974,-0.058575029257957226,0.019724744095695343,0.009789852038518534
501,20181031.0,-0.03314273979861701,-0.04001627760740349,0.05105238874307666,0.12818317103748395,0.005279265526041499
502,20181130.0,-0.19223559291287617,0.0621839755189773,-0.024394377471512404,0.1639873109295023,-0.037315378335756336
503,20181231.0,0.455994832132972,0.031102372802443674,0.015753099226393147,-0.19256476095847844,0.012617131892625207
504,20190131.0,0.03823357056167656,-0.04052653597136779,0.06915054466271972,0.038510872397852815,-0.0051356680277362034
505,20190228.0,-0.053544057692044573,-0.01297907418525571,0.07087835697512104,0.0332841678383511,-0.05560585610260368
506,20190331.0,0.11692505563312877,-0.001219118495690905,0.007749008036576618,0.053176784074050965,0.05231091905664295
507,20190430.0,-0.10363668607034715,0.13959560043412106,-0.05883879444794699,0.0770961656155298,-0.08929738859092012
508,20190531.0,0.3045496929819969,-0.06903638398422964,-0.007661128154469614,0.06866945699693665,0.031236260297776167
509,20190630.0,0.09567684348394231,0.029302925184405054,-0.04546757500376364,0.06422062227604085,0.017020692573225665
510,20190731.0,-0.013850793585396518,0.08996648497440167,-0.0495611368880172,0.043879994770540526,-0.04981184561229538
511,20190831.0,-0.12973966591564084,0.036711979884526985,-0.04070257068789915,-0.03721877046515273,0.12248277902427146
512,20190930.0,0.07147653442075343,-0.023992109596289724,0.031114047617699238,0.09385132120560054,-0.00603359466849631
513,20191031.0,0.22670774495410215,-0.08549590391782322,0.09251349523322867,0.09706229115112651,-0.03047447060271506
514,20191130.0,-0.22453068732582082,-0.09245199968471,0.13404915657169184,-0.045254030957432106,-0.0020003236596792483
515,20191231.0,0.05805850174680819,0.17011610110482964,0.025242981434987044,-0.012253965949316568,-0.09820036729147438
516,20200131.0,-0.15998997913315363,0.017415679377213902,0.03825116105653832,0.013223353961925583,-0.08445749294606512
517,20200229.0,-0.40514285656626403,0.03364045542269989,0.07419077798231158,0.14597272113924817,-0.1465948095815785
518,20200331.0,0.5063175599706824,-0.06320502494339954,0.13785031976489118,-0.17204974186789762,0.06503774550046613
519,20200430.0,0.5319565854612945,0.03919779596969061,0.1052877474933631,0.01630746170327842,-0.08162582972495613
520,20200531.0,0.16703798914801657,0.1359425339544302,-0.02009522002147291,-0.15189230388376396,-0.0012226073363230292
521,20200630.0,0.42962035780374624,0.14969546153311045,-0.09204576328143002,-0.059894436865914946,0.003480330664745287
522,20200731.0,0.3669208736413413,0.025005538522606202,-0.044742936573031036,0.007468437460568904,0.07103782890428326
523,20200831.0,0.0932784008617499,0.08754895636799936,-0.018600656417407907,0.018116324398098845,-0.025445837297189366
524,20200930.0,-0.10673249638601424,0.011532712670705571,0.03172461321660929,0.06067205897506541,0.05316352895527178
525,20201031.0,0.716277691937992,-0.07541007133471327,0.10202213021456498,-0.19950869093502055,0.10474620989117836
526,20201130.0,0.3413666270031654,0.04128414139340586,0.0005627225202350199,-0.08143328606589782,-0.012868827630156588
